--
-- メンバー
--
insert into "public"."members" (id, created_at, updated_at, deleted_at, uuid, line_id, nickname, role)
values (18, '2022-06-26 13:28:20.000000 +00:00', '2022-06-26 13:28:20.000000 +00:00', null,
        '31722c0a-867e-4d1b-bec5-326893ddfb1c', 'U0387ce0eb2e36f7f9ce49774211a500d', 'Kebab', 'admin'),
       (24, '2022-06-27 03:14:37.000000 +00:00', '2022-06-27 03:14:37.000000 +00:00', null,
        '5477fcff-789d-42cb-af94-507f41bd3f7b', 'Ub14cfd6d5464d5d393079729da9412cb', 'おがたつ', 'admin'),
       (48, '2022-07-25 12:28:27.880796 +00:00', '2022-07-25 12:28:27.880796 +00:00', null,
        'c3901855-2170-47be-ae61-4d0b3e653d91', 'U011e63f4ba93888570146e59a49e289b', 'こーだい', 'general'),
       (49, '2022-07-27 03:37:32.505650 +00:00', '2022-07-27 03:37:32.505650 +00:00', null,
        'f97de07e-1e20-48ca-a21c-c7a6701dc827', 'U1cec09a5d375e95671d7025d61c6fa7b', 'ほげ', 'general'),
       (17, '2022-06-26 13:23:34.000000 +00:00', '2022-06-26 13:23:34.000000 +00:00', null,
        '2604ee81-2d96-48ad-81ee-62d8d21ccff5', 'U54878a36551a994040659ea7f6353877', 'たけし', 'admin'),
       (51, '2022-09-13 12:13:08.074601 +00:00', '2022-09-13 12:13:08.074601 +00:00', null,
        '9e3d07ae-f7f4-408d-9f83-f5327b1e9fe2', 'U67f748860ea123bbd338e5adac43656f', 'meme', 'general'),
       (52, '2022-11-04 14:18:47.000000 +00:00', '2022-11-04 14:18:47.000000 +00:00', null,
        '2ebd2e36-6e6d-4524-8e78-f1cfb6ef7e41', 'Ue201dfe618c44a22b1c147b6e9bbc827', ':Daichi', 'admin');

--
-- メッセージ
--
insert into "public"."messages" (id, created_at, updated_at, deleted_at, message, member_id)
values  (10, '2022-07-23 02:12:12.536124 +00:00', '2022-07-23 02:12:12.536124 +00:00', null, 'も', null),
        (11, '2022-07-23 02:13:21.456075 +00:00', '2022-07-23 02:13:21.456075 +00:00', null, 'とも', null),
        (19, '2022-07-23 02:33:43.829277 +00:00', '2022-07-23 02:33:43.829277 +00:00', null, 'の', null);

--
-- 出席管理
--
insert into "public"."participation" (id, created_at, updated_at, deleted_at, schedule_id, member_id, comment)
values  (21, '2022-06-26 13:24:03.400379 +00:00', '2022-06-26 13:24:03.400379 +00:00', null, 3, 17, null),
        (22, '2022-06-26 13:30:37.525646 +00:00', '2022-06-26 13:30:37.525646 +00:00', null, 3, 18, null),
        (35, '2022-07-01 13:23:14.773699 +00:00', '2022-07-01 13:23:14.773699 +00:00', null, 3, 24, null),
        (49, '2022-07-29 09:38:48.216712 +00:00', '2022-07-29 09:38:48.216712 +00:00', null, 6, 18, ''),
        (50, '2022-07-29 11:25:43.969594 +00:00', '2022-07-29 11:25:43.969594 +00:00', null, 6, 24, ''),
        (52, '2022-07-29 13:40:18.958648 +00:00', '2022-07-29 13:40:18.958648 +00:00', null, 6, 17, ''),
        (53, '2022-09-13 12:16:49.928342 +00:00', '2022-09-13 12:16:49.928342 +00:00', null, 19, 17, ''),
        (54, '2022-09-18 11:18:09.270354 +00:00', '2022-09-18 11:18:09.270354 +00:00', null, 21, 51, ''),
        (55, '2022-09-18 12:13:14.021580 +00:00', '2022-09-18 12:13:14.021580 +00:00', null, 21, 49, ''),
        (56, '2022-10-02 12:50:47.197973 +00:00', '2022-10-02 12:50:47.197973 +00:00', null, 22, 17, ''),
        (57, '2022-10-13 00:06:21.023437 +00:00', '2022-10-13 00:06:21.023437 +00:00', null, 23, 17, ''),
        (58, '2022-10-20 05:34:43.004599 +00:00', '2022-10-20 05:34:43.004599 +00:00', null, 24, 17, ''),
        (59, '2022-10-25 23:03:49.672441 +00:00', '2022-10-25 23:03:49.672441 +00:00', null, 25, 17, ''),
        (60, '2022-11-14 04:28:34.295358 +00:00', '2022-11-14 04:28:34.295358 +00:00', null, 27, 18, ''),
        (61, '2022-11-30 11:40:37.954494 +00:00', '2022-11-30 11:40:37.954494 +00:00', null, 30, 17, '');

--
-- スケジュール
--
insert into "public"."schedules" (id, created_at, updated_at, deleted_at, date)
values  (1, '2022-06-13 23:40:21.000000 +00:00', '2022-06-13 23:40:21.000000 +00:00', null, '2022-06-18'),
        (2, '2022-06-14 01:33:22.000000 +00:00', '2022-06-14 01:33:22.000000 +00:00', null, '2022-06-25'),
        (3, '2022-06-19 11:35:28.000000 +00:00', '2022-06-19 11:35:28.000000 +00:00', null, '2022-07-02'),
        (4, '2022-07-05 14:08:07.000000 +00:00', '2022-07-05 14:08:07.000000 +00:00', null, '2022-07-17'),
        (6, '2022-07-22 10:16:27.000000 +00:00', '2022-07-22 10:16:27.000000 +00:00', null, '2022-07-30'),
        (5, '2022-07-05 14:08:29.000000 +00:00', '2022-07-05 14:08:29.000000 +00:00', '2022-07-22 10:16:43.000000 +00:00', '2022-07-24'),
        (7, '2022-08-04 01:14:32.000000 +00:00', '2022-08-04 01:14:32.000000 +00:00', null, '2022-08-06'),
        (8, '2022-08-04 01:14:58.000000 +00:00', '2022-08-04 01:14:58.000000 +00:00', null, '2022-08-11'),
        (9, '2022-08-16 04:48:59.000000 +00:00', '2022-08-16 04:48:59.000000 +00:00', null, '2022-08-20'),
        (10, '2022-08-22 04:05:38.000000 +00:00', '2022-08-22 04:05:38.000000 +00:00', null, '2022-09-10'),
        (19, '2022-09-13 12:06:08.000000 +00:00', '2022-09-13 12:06:08.000000 +00:00', null, '2022-09-17'),
        (21, '2022-09-18 01:58:31.000000 +00:00', '2022-09-18 01:58:31.000000 +00:00', null, '2022-10-01'),
        (22, '2022-10-02 12:49:41.000000 +00:00', '2022-10-02 12:49:41.000000 +00:00', '2022-10-06 00:19:37.000000 +00:00', '2022-10-08'),
        (23, '2022-10-13 00:05:37.266557 +00:00', '2022-10-13 00:05:37.266557 +00:00', null, '2022-10-15'),
        (24, '2022-10-20 05:24:47.347871 +00:00', '2022-10-20 05:24:47.347871 +00:00', null, '2022-10-22'),
        (25, '2022-10-25 22:52:07.950669 +00:00', '2022-10-25 22:52:07.950669 +00:00', null, '2022-10-29'),
        (26, '2022-11-04 11:13:54.311872 +00:00', '2022-11-04 11:13:54.311872 +00:00', null, '2022-11-05'),
        (27, '2022-11-14 04:24:05.496640 +00:00', '2022-11-14 04:24:05.496640 +00:00', null, '2022-11-20'),
        (28, '2022-11-15 04:39:20.624608 +00:00', '2022-11-15 04:39:20.624608 +00:00', null, '2022-11-23'),
        (29, '2022-11-24 07:06:16.737820 +00:00', '2022-11-24 07:06:16.737820 +00:00', null, '2022-11-26'),
        (30, '2022-11-30 11:39:13.483190 +00:00', '2022-11-30 11:39:13.483190 +00:00', null, '2022-12-04'),
        (31, '2022-12-06 03:57:34.795560 +00:00', '2022-12-06 03:57:34.795560 +00:00', null, '2022-12-11'),
        (32, '2022-12-13 04:06:29.921298 +00:00', '2022-12-13 04:06:29.921298 +00:00', null, '2022-12-17'),
        (33, '2022-12-19 01:23:09.762796 +00:00', '2022-12-19 01:23:09.762796 +00:00', null, '2022-12-24'),
        (34, '2022-12-24 09:53:48.146440 +00:00', '2022-12-24 09:53:48.146440 +00:00', null, '2023-01-02'),
        (35, '2022-12-28 23:57:36.733298 +00:00', '2022-12-28 23:57:36.733298 +00:00', null, '2023-01-07');
